"","index","target","pruningPossible","pruned","minimal"
"1",4,"classofworker",TRUE,"age|class|classofworker|detailedhouseholdandfamilystat|detailedhouseholdsummaryinhousehold|detailedindustryrecode|detailedoccupationrecode|education|familymembersunder18|majorindustrycode|majoroccupationcode|memberofalaborunion|numpersonsworkedforemployer|taxfilerstat|veteransbenefits|wageperhour|weeksworkedinyear","age|class|classofworker|detailedhouseholdandfamilystat|detailedhouseholdsummaryinhousehold|detailedindustryrecode|detailedoccupationrecode|education|familymembersunder18|memberofalaborunion|taxfilerstat|weeksworkedinyear,age|class|classofworker|detailedhouseholdandfamilystat|detailedhouseholdsummaryinhousehold|detailedindustryrecode|detailedoccupationrecode|memberofalaborunion|wageperhour|weeksworkedinyear,age|class|classofworker|detailedhouseholdandfamilystat|detailedhouseholdsummaryinhousehold|familymembersunder18|majorindustrycode|numpersonsworkedforemployer|taxfilerstat,age|class|classofworker|detailedhouseholdandfamilystat|detailedindustryrecode|detailedoccupationrecode|education|familymembersunder18|majorindustrycode|memberofalaborunion|veteransbenefits|wageperhour,age|class|classofworker|detailedhouseholdandfamilystat|detailedindustryrecode|detailedoccupationrecode|education|familymembersunder18|veteransbenefits|weeksworkedinyear,age|class|classofworker|detailedhouseholdandfamilystat|detailedindustryrecode|detailedoccupationrecode|education|majorindustrycode|wageperhour,age|class|classofworker|detailedhouseholdandfamilystat|detailedindustryrecode|detailedoccupationrecode|veteransbenefits,age|class|classofworker|detailedhouseholdandfamilystat|detailedindustryrecode|education|familymembersunder18|majorindustrycode|numpersonsworkedforemployer|taxfilerstat|wageperhour|weeksworkedinyear,age|class|classofworker|detailedhouseholdandfamilystat|detailedindustryrecode|majoroccupationcode|memberofalaborunion|weeksworkedinyear,age|class|classofworker|detailedhouseholdandfamilystat|detailedindustryrecode|memberofalaborunion|veteransbenefits|wageperhour|weeksworkedinyear,age|class|classofworker|detailedhouseholdandfamilystat|detailedoccupationrecode|education|familymembersunder18|majorindustrycode|veteransbenefits,age|class|classofworker|detailedhouseholdandfamilystat|detailedoccupationrecode|familymembersunder18|majorindustrycode|memberofalaborunion|veteransbenefits|weeksworkedinyear,age|class|classofworker|detailedhouseholdandfamilystat|detailedoccupationrecode|majorindustrycode|memberofalaborunion|veteransbenefits|wageperhour|weeksworkedinyear,age|class|classofworker|detailedhouseholdandfamilystat|majorindustrycode|memberofalaborunion|wageperhour,age|class|classofworker|detailedhouseholdsummaryinhousehold|detailedindustryrecode|detailedoccupationrecode|education|familymembersunder18|memberofalaborunion|taxfilerstat,age|class|classofworker|detailedhouseholdsummaryinhousehold|detailedindustryrecode|detailedoccupationrecode|education|wageperhour,age|class|classofworker|detailedhouseholdsummaryinhousehold|detailedindustryrecode|detailedoccupationrecode|familymembersunder18|memberofalaborunion|wageperhour,age|class|classofworker|detailedhouseholdsummaryinhousehold|detailedindustryrecode|detailedoccupationrecode|familymembersunder18|veteransbenefits|wageperhour|weeksworkedinyear,age|class|classofworker|detailedhouseholdsummaryinhousehold|detailedindustryrecode|education|memberofalaborunion|taxfilerstat|veteransbenefits|wageperhour,age|class|classofworker|detailedhouseholdsummaryinhousehold|detailedindustryrecode|familymembersunder18|majorindustrycode|majoroccupationcode|memberofalaborunion,age|class|classofworker|detailedhouseholdsummaryinhousehold|detailedoccupationrecode|education|majorindustrycode|memberofalaborunion|veteransbenefits,age|class|classofworker|detailedhouseholdsummaryinhousehold|detailedoccupationrecode|education|majorindustrycode|veteransbenefits|wageperhour,age|class|classofworker|detailedhouseholdsummaryinhousehold|detailedoccupationrecode|education|majorindustrycode|veteransbenefits|weeksworkedinyear,age|class|classofworker|detailedhouseholdsummaryinhousehold|detailedoccupationrecode|familymembersunder18|majorindustrycode|memberofalaborunion|veteransbenefits,age|class|classofworker|detailedhouseholdsummaryinhousehold|detailedoccupationrecode|familymembersunder18|majorindustrycode|wageperhour,age|class|classofworker|detailedhouseholdsummaryinhousehold|detailedoccupationrecode|majorindustrycode,age|class|classofworker|detailedhouseholdsummaryinhousehold|majorindustrycode|memberofalaborunion|veteransbenefits,age|class|classofworker|detailedindustryrecode|detailedoccupationrecode|education|familymembersunder18|wageperhour|weeksworkedinyear,age|class|classofworker|detailedindustryrecode|detailedoccupationrecode|familymembersunder18|taxfilerstat|wageperhour|weeksworkedinyear,age|class|classofworker|detailedindustryrecode|detailedoccupationrecode|majorindustrycode|taxfilerstat|wageperhour,age|class|classofworker|detailedindustryrecode|detailedoccupationrecode|majoroccupationcode|memberofalaborunion|taxfilerstat|weeksworkedinyear,age|class|classofworker|detailedindustryrecode|detailedoccupationrecode|memberofalaborunion|taxfilerstat|wageperhour,age|class|classofworker|detailedoccupationrecode|education|majorindustrycode|memberofalaborunion|veteransbenefits|wageperhour,age|class|classofworker|detailedoccupationrecode|education|majorindustrycode|taxfilerstat|veteransbenefits,age|class|classofworker|detailedoccupationrecode|familymembersunder18|majorindustrycode|memberofalaborunion|taxfilerstat|weeksworkedinyear,age|class|classofworker|education|majorindustrycode|memberofalaborunion|taxfilerstat,age|class|classofworker|familymembersunder18|majorindustrycode|majoroccupationcode,age|class|classofworker|familymembersunder18|majorindustrycode|veteransbenefits|wageperhour,age|class|classofworker|majorindustrycode|memberofalaborunion|veteransbenefits,age|classofworker|detailedhouseholdandfamilystat|detailedhouseholdsummaryinhousehold|detailedindustryrecode|detailedoccupationrecode|education|majorindustrycode|memberofalaborunion|veteransbenefits,age|classofworker|detailedhouseholdandfamilystat|detailedhouseholdsummaryinhousehold|detailedindustryrecode|detailedoccupationrecode|familymembersunder18|memberofalaborunion|taxfilerstat|veteransbenefits,age|classofworker|detailedhouseholdandfamilystat|detailedhouseholdsummaryinhousehold|detailedindustryrecode|detailedoccupationrecode|familymembersunder18|weeksworkedinyear,age|classofworker|detailedhouseholdandfamilystat|detailedhouseholdsummaryinhousehold|detailedindustryrecode|detailedoccupationrecode|taxfilerstat|wageperhour,age|classofworker|detailedhouseholdandfamilystat|detailedhouseholdsummaryinhousehold|detailedindustryrecode|education|familymembersunder18|majorindustrycode|numpersonsworkedforemployer|veteransbenefits,age|classofworker|detailedhouseholdandfamilystat|detailedhouseholdsummaryinhousehold|detailedindustryrecode|education|majorindustrycode|numpersonsworkedforemployer|taxfilerstat,age|classofworker|detailedhouseholdandfamilystat|detailedhouseholdsummaryinhousehold|detailedindustryrecode|familymembersunder18|majorindustrycode|numpersonsworkedforemployer|wageperhour|weeksworkedinyear,age|classofworker|detailedhouseholdandfamilystat|detailedhouseholdsummaryinhousehold|detailedoccupationrecode|familymembersunder18|majorindustrycode|veteransbenefits|wageperhour,age|classofworker|detailedhouseholdandfamilystat|detailedindustryrecode|detailedoccupationrecode|education|familymembersunder18|majorindustrycode|memberofalaborunion|weeksworkedinyear,age|classofworker|detailedhouseholdandfamilystat|detailedindustryrecode|detailedoccupationrecode|education|familymembersunder18|memberofalaborunion|veteransbenefits|wageperhour|weeksworkedinyear,age|classofworker|detailedhouseholdandfamilystat|detailedindustryrecode|detailedoccupationrecode|education|majorindustrycode|memberofalaborunion|veteransbenefits|weeksworkedinyear,age|classofworker|detailedhouseholdandfamilystat|detailedindustryrecode|detailedoccupationrecode|familymembersunder18|memberofalaborunion|veteransbenefits,age|classofworker|detailedhouseholdandfamilystat|detailedindustryrecode|detailedoccupationrecode|familymembersunder18|memberofalaborunion|weeksworkedinyear,age|classofworker|detailedhouseholdandfamilystat|detailedindustryrecode|detailedoccupationrecode|majorindustrycode|memberofalaborunion|taxfilerstat|wageperhour,age|classofworker|detailedhouseholdandfamilystat|detailedindustryrecode|detailedoccupationrecode|memberofalaborunion|taxfilerstat|wageperhour|weeksworkedinyear,age|classofworker|detailedhouseholdandfamilystat|detailedindustryrecode|detailedoccupationrecode|taxfilerstat|wageperhour|weeksworkedinyear,age|classofworker|detailedhouseholdandfamilystat|detailedindustryrecode|education|familymembersunder18|memberofalaborunion,age|classofworker|detailedhouseholdandfamilystat|detailedindustryrecode|education|majorindustrycode|numpersonsworkedforemployer|taxfilerstat|wageperhour,age|classofworker|detailedhouseholdandfamilystat|detailedindustryrecode|education|memberofalaborunion|veteransbenefits,age|classofworker|detailedhouseholdandfamilystat|detailedindustryrecode|majoroccupationcode|memberofalaborunion|veteransbenefits|weeksworkedinyear,age|classofworker|detailedhouseholdandfamilystat|detailedindustryrecode|majoroccupationcode|weeksworkedinyear,age|classofworker|detailedhouseholdandfamilystat|detailedindustryrecode|memberofalaborunion|veteransbenefits|wageperhour|weeksworkedinyear,age|classofworker|detailedhouseholdandfamilystat|detailedoccupationrecode|education|familymembersunder18|majorindustrycode|memberofalaborunion|veteransbenefits|wageperhour,age|classofworker|detailedhouseholdandfamilystat|detailedoccupationrecode|familymembersunder18|majorindustrycode|taxfilerstat|wageperhour,age|classofworker|detailedhouseholdandfamilystat|detailedoccupationrecode|majorindustrycode|veteransbenefits|wageperhour|weeksworkedinyear,age|classofworker|detailedhouseholdandfamilystat|education|familymembersunder18|majorindustrycode|majoroccupationcode,age|classofworker|detailedhouseholdandfamilystat|familymembersunder18|majorindustrycode|majoroccupationcode|weeksworkedinyear,age|classofworker|detailedhouseholdandfamilystat|majorindustrycode|veteransbenefits,age|classofworker|detailedhouseholdsummaryinhousehold|detailedindustryrecode|detailedoccupationrecode|education|majorindustrycode|memberofalaborunion|taxfilerstat|weeksworkedinyear,age|classofworker|detailedhouseholdsummaryinhousehold|detailedindustryrecode|detailedoccupationrecode|familymembersunder18|majorindustrycode|veteransbenefits|wageperhour|weeksworkedinyear,age|classofworker|detailedhouseholdsummaryinhousehold|detailedindustryrecode|detailedoccupationrecode|majoroccupationcode|taxfilerstat|veteransbenefits|weeksworkedinyear,age|classofworker|detailedhouseholdsummaryinhousehold|detailedindustryrecode|education|majorindustrycode|majoroccupationcode|numpersonsworkedforemployer|weeksworkedinyear,age|classofworker|detailedhouseholdsummaryinhousehold|detailedindustryrecode|education|weeksworkedinyear,age|classofworker|detailedhouseholdsummaryinhousehold|detailedindustryrecode|familymembersunder18|majoroccupationcode|memberofalaborunion|veteransbenefits,age|classofworker|detailedhouseholdsummaryinhousehold|detailedoccupationrecode|education|familymembersunder18|majorindustrycode|memberofalaborunion,age|classofworker|detailedhouseholdsummaryinhousehold|detailedoccupationrecode|familymembersunder18|majorindustrycode|memberofalaborunion|taxfilerstat|wageperhour|weeksworkedinyear,age|classofworker|detailedhouseholdsummaryinhousehold|detailedoccupationrecode|familymembersunder18|majorindustrycode|veteransbenefits,age|classofworker|detailedhouseholdsummaryinhousehold|detailedoccupationrecode|majorindustrycode|memberofalaborunion|veteransbenefits|wageperhour,age|classofworker|detailedhouseholdsummaryinhousehold|detailedoccupationrecode|majorindustrycode|veteransbenefits|weeksworkedinyear,age|classofworker|detailedhouseholdsummaryinhousehold|familymembersunder18|majorindustrycode|memberofalaborunion|veteransbenefits|weeksworkedinyear,age|classofworker|detailedindustryrecode|detailedoccupationrecode|education|familymembersunder18|memberofalaborunion|taxfilerstat,age|classofworker|detailedindustryrecode|detailedoccupationrecode|education|familymembersunder18|memberofalaborunion|weeksworkedinyear,age|classofworker|detailedindustryrecode|detailedoccupationrecode|education|majorindustrycode|memberofalaborunion|wageperhour,age|classofworker|detailedindustryrecode|detailedoccupationrecode|education|memberofalaborunion|taxfilerstat|wageperhour|weeksworkedinyear,age|classofworker|detailedindustryrecode|detailedoccupationrecode|education|veteransbenefits|weeksworkedinyear,age|classofworker|detailedindustryrecode|education|familymembersunder18|memberofalaborunion|wageperhour|weeksworkedinyear,age|classofworker|detailedindustryrecode|education|memberofalaborunion|wageperhour,age|classofworker|detailedindustryrecode|familymembersunder18|majoroccupationcode|memberofalaborunion|wageperhour,age|classofworker|detailedoccupationrecode|familymembersunder18|majorindustrycode|majoroccupationcode|memberofalaborunion|taxfilerstat|veteransbenefits,age|classofworker|detailedoccupationrecode|familymembersunder18|majorindustrycode|veteransbenefits|weeksworkedinyear,age|classofworker|familymembersunder18|majorindustrycode|majoroccupationcode|memberofalaborunion,age|classofworker|familymembersunder18|majorindustrycode|memberofalaborunion|veteransbenefits|wageperhour,age|classofworker|familymembersunder18|majorindustrycode|numpersonsworkedforemployer,age|classofworker|majorindustrycode|memberofalaborunion|taxfilerstat,age|classofworker|majorindustrycode|veteransbenefits,age|classofworker|majorindustrycode|weeksworkedinyear,class|classofworker|detailedhouseholdandfamilystat|detailedhouseholdsummaryinhousehold|detailedindustryrecode|detailedoccupationrecode|education|familymembersunder18|memberofalaborunion|veteransbenefits|weeksworkedinyear,class|classofworker|detailedhouseholdandfamilystat|detailedhouseholdsummaryinhousehold|detailedindustryrecode|detailedoccupationrecode|familymembersunder18|veteransbenefits,class|classofworker|detailedhouseholdandfamilystat|detailedhouseholdsummaryinhousehold|detailedindustryrecode|detailedoccupationrecode|majorindustrycode|majoroccupationcode|numpersonsworkedforemployer|taxfilerstat|wageperhour,class|classofworker|detailedhouseholdandfamilystat|detailedhouseholdsummaryinhousehold|detailedoccupationrecode|education|familymembersunder18|majorindustrycode|memberofalaborunion|taxfilerstat|veteransbenefits|wageperhour,class|classofworker|detailedhouseholdandfamilystat|detailedhouseholdsummaryinhousehold|detailedoccupationrecode|familymembersunder18|majorindustrycode|memberofalaborunion|wageperhour,class|classofworker|detailedhouseholdandfamilystat|detailedindustryrecode|detailedoccupationrecode|education|taxfilerstat|veteransbenefits|wageperhour,class|classofworker|detailedhouseholdandfamilystat|detailedindustryrecode|detailedoccupationrecode|familymembersunder18|taxfilerstat|veteransbenefits|weeksworkedinyear,class|classofworker|detailedhouseholdandfamilystat|detailedindustryrecode|detailedoccupationrecode|memberofalaborunion|taxfilerstat|veteransbenefits|wageperhour,class|classofworker|detailedhouseholdandfamilystat|detailedindustryrecode|veteransbenefits|weeksworkedinyear,class|classofworker|detailedhouseholdandfamilystat|detailedoccupationrecode|education|familymembersunder18|majorindustrycode|memberofalaborunion|veteransbenefits,class|classofworker|detailedhouseholdandfamilystat|detailedoccupationrecode|education|majorindustrycode|memberofalaborunion|taxfilerstat|veteransbenefits|weeksworkedinyear,class|classofworker|detailedhouseholdandfamilystat|detailedoccupationrecode|education|majorindustrycode|memberofalaborunion|veteransbenefits|wageperhour|weeksworkedinyear,class|classofworker|detailedhouseholdandfamilystat|detailedoccupationrecode|familymembersunder18|majorindustrycode|taxfilerstat|veteransbenefits,class|classofworker|detailedhouseholdandfamilystat|detailedoccupationrecode|majorindustrycode|taxfilerstat|weeksworkedinyear,class|classofworker|detailedhouseholdandfamilystat|familymembersunder18|majorindustrycode|memberofalaborunion|veteransbenefits,class|classofworker|detailedhouseholdandfamilystat|majorindustrycode|majoroccupationcode|weeksworkedinyear,class|classofworker|detailedhouseholdsummaryinhousehold|detailedindustryrecode|detailedoccupationrecode|education|familymembersunder18|majorindustrycode|memberofalaborunion|veteransbenefits,class|classofworker|detailedhouseholdsummaryinhousehold|detailedindustryrecode|detailedoccupationrecode|education|familymembersunder18|memberofalaborunion|taxfilerstat|wageperhour,class|classofworker|detailedhouseholdsummaryinhousehold|detailedindustryrecode|detailedoccupationrecode|education|familymembersunder18|memberofalaborunion|taxfilerstat|weeksworkedinyear,class|classofworker|detailedhouseholdsummaryinhousehold|detailedindustryrecode|detailedoccupationrecode|familymembersunder18|majorindustrycode|memberofalaborunion|taxfilerstat|veteransbenefits,class|classofworker|detailedhouseholdsummaryinhousehold|detailedindustryrecode|detailedoccupationrecode|familymembersunder18|majorindustrycode|memberofalaborunion|taxfilerstat|weeksworkedinyear,class|classofworker|detailedhouseholdsummaryinhousehold|detailedindustryrecode|detailedoccupationrecode|familymembersunder18|wageperhour,class|classofworker|detailedhouseholdsummaryinhousehold|detailedindustryrecode|detailedoccupationrecode|memberofalaborunion|wageperhour,class|classofworker|detailedhouseholdsummaryinhousehold|detailedindustryrecode|education|familymembersunder18|majoroccupationcode|memberofalaborunion|veteransbenefits|weeksworkedinyear,class|classofworker|detailedhouseholdsummaryinhousehold|detailedindustryrecode|education|familymembersunder18|majoroccupationcode|taxfilerstat,class|classofworker|detailedhouseholdsummaryinhousehold|detailedoccupationrecode|familymembersunder18|majorindustrycode|memberofalaborunion|weeksworkedinyear,class|classofworker|detailedhouseholdsummaryinhousehold|majorindustrycode|memberofalaborunion|wageperhour,class|classofworker|detailedhouseholdsummaryinhousehold|majorindustrycode|wageperhour|weeksworkedinyear,class|classofworker|detailedindustryrecode|detailedoccupationrecode|education|memberofalaborunion|wageperhour,class|classofworker|detailedindustryrecode|detailedoccupationrecode|memberofalaborunion|taxfilerstat|wageperhour|weeksworkedinyear,class|classofworker|detailedindustryrecode|majoroccupationcode|veteransbenefits|wageperhour,class|classofworker|detailedindustryrecode|majoroccupationcode|weeksworkedinyear,class|classofworker|detailedindustryrecode|taxfilerstat|veteransbenefits|wageperhour|weeksworkedinyear,class|classofworker|detailedoccupationrecode|education|familymembersunder18|majorindustrycode|memberofalaborunion|taxfilerstat,class|classofworker|detailedoccupationrecode|education|majorindustrycode|veteransbenefits,class|classofworker|familymembersunder18|majorindustrycode|numpersonsworkedforemployer|veteransbenefits|weeksworkedinyear,class|classofworker|familymembersunder18|majorindustrycode|taxfilerstat,class|classofworker|majorindustrycode,classofworker|detailedhouseholdandfamilystat|detailedhouseholdsummaryinhousehold|detailedindustryrecode|detailedoccupationrecode|familymembersunder18|majorindustrycode|memberofalaborunion|taxfilerstat|veteransbenefits,classofworker|detailedhouseholdandfamilystat|detailedhouseholdsummaryinhousehold|detailedindustryrecode|education|majorindustrycode|majoroccupationcode|numpersonsworkedforemployer|veteransbenefits,classofworker|detailedhouseholdandfamilystat|detailedhouseholdsummaryinhousehold|detailedindustryrecode|education|majorindustrycode|numpersonsworkedforemployer|weeksworkedinyear,classofworker|detailedhouseholdandfamilystat|detailedhouseholdsummaryinhousehold|detailedindustryrecode|familymembersunder18|majorindustrycode|numpersonsworkedforemployer|taxfilerstat|wageperhour|weeksworkedinyear,classofworker|detailedhouseholdandfamilystat|detailedhouseholdsummaryinhousehold|detailedindustryrecode|majoroccupationcode|memberofalaborunion|veteransbenefits|weeksworkedinyear,classofworker|detailedhouseholdandfamilystat|detailedhouseholdsummaryinhousehold|detailedindustryrecode|majoroccupationcode|taxfilerstat|wageperhour,classofworker|detailedhouseholdandfamilystat|detailedhouseholdsummaryinhousehold|detailedoccupationrecode|education|majorindustrycode|veteransbenefits|weeksworkedinyear,classofworker|detailedhouseholdandfamilystat|detailedindustryrecode|detailedoccupationrecode|education|familymembersunder18|memberofalaborunion|taxfilerstat|veteransbenefits|weeksworkedinyear,classofworker|detailedhouseholdandfamilystat|detailedindustryrecode|detailedoccupationrecode|familymembersunder18,classofworker|detailedhouseholdandfamilystat|detailedindustryrecode|detailedoccupationrecode|familymembersunder18|memberofalaborunion|taxfilerstat|veteransbenefits,classofworker|detailedhouseholdandfamilystat|detailedindustryrecode|education|familymembersunder18|majoroccupationcode|memberofalaborunion|wageperhour,classofworker|detailedhouseholdandfamilystat|detailedindustryrecode|education|majoroccupationcode|veteransbenefits|weeksworkedinyear,classofworker|detailedhouseholdandfamilystat|detailedindustryrecode|familymembersunder18|memberofalaborunion|wageperhour,classofworker|detailedhouseholdandfamilystat|detailedindustryrecode|familymembersunder18|weeksworkedinyear,classofworker|detailedhouseholdandfamilystat|detailedindustryrecode|majoroccupationcode|taxfilerstat|veteransbenefits,classofworker|detailedhouseholdandfamilystat|detailedindustryrecode|memberofalaborunion|taxfilerstat|wageperhour,classofworker|detailedhouseholdandfamilystat|detailedoccupationrecode|familymembersunder18|majorindustrycode|taxfilerstat|veteransbenefits|wageperhour|weeksworkedinyear,classofworker|detailedhouseholdandfamilystat|detailedoccupationrecode|majorindustrycode|wageperhour,classofworker|detailedhouseholdandfamilystat|familymembersunder18|majorindustrycode|memberofalaborunion,classofworker|detailedhouseholdsummaryinhousehold|detailedindustryrecode|detailedoccupationrecode|education|familymembersunder18|majorindustrycode|majoroccupationcode|numpersonsworkedforemployer|veteransbenefits|weeksworkedinyear,classofworker|detailedhouseholdsummaryinhousehold|detailedindustryrecode|detailedoccupationrecode|education|wageperhour,classofworker|detailedhouseholdsummaryinhousehold|detailedindustryrecode|detailedoccupationrecode|familymembersunder18|memberofalaborunion|taxfilerstat|veteransbenefits|wageperhour,classofworker|detailedhouseholdsummaryinhousehold|detailedindustryrecode|detailedoccupationrecode|familymembersunder18|memberofalaborunion|veteransbenefits|wageperhour|weeksworkedinyear,classofworker|detailedhouseholdsummaryinhousehold|detailedindustryrecode|detailedoccupationrecode|familymembersunder18|veteransbenefits|weeksworkedinyear,classofworker|detailedhouseholdsummaryinhousehold|detailedindustryrecode|detailedoccupationrecode|familymembersunder18|wageperhour|weeksworkedinyear,classofworker|detailedhouseholdsummaryinhousehold|detailedindustryrecode|familymembersunder18|majoroccupationcode|weeksworkedinyear,classofworker|detailedhouseholdsummaryinhousehold|detailedindustryrecode|familymembersunder18|veteransbenefits|wageperhour|weeksworkedinyear,classofworker|detailedhouseholdsummaryinhousehold|detailedoccupationrecode|education|familymembersunder18|majorindustrycode|memberofalaborunion|veteransbenefits,classofworker|detailedhouseholdsummaryinhousehold|detailedoccupationrecode|education|familymembersunder18|majorindustrycode|taxfilerstat|veteransbenefits,classofworker|detailedhouseholdsummaryinhousehold|detailedoccupationrecode|education|majorindustrycode|veteransbenefits,classofworker|detailedhouseholdsummaryinhousehold|detailedoccupationrecode|familymembersunder18|majorindustrycode|veteransbenefits|weeksworkedinyear,classofworker|detailedhouseholdsummaryinhousehold|detailedoccupationrecode|majorindustrycode|memberofalaborunion|taxfilerstat|veteransbenefits,classofworker|detailedhouseholdsummaryinhousehold|detailedoccupationrecode|majorindustrycode|taxfilerstat|wageperhour,classofworker|detailedhouseholdsummaryinhousehold|education|familymembersunder18|majorindustrycode|majoroccupationcode|memberofalaborunion|veteransbenefits|weeksworkedinyear,classofworker|detailedhouseholdsummaryinhousehold|familymembersunder18|majorindustrycode|majoroccupationcode|memberofalaborunion,classofworker|detailedhouseholdsummaryinhousehold|familymembersunder18|majorindustrycode|majoroccupationcode|veteransbenefits,classofworker|detailedhouseholdsummaryinhousehold|familymembersunder18|majorindustrycode|numpersonsworkedforemployer|weeksworkedinyear,classofworker|detailedhouseholdsummaryinhousehold|majorindustrycode|memberofalaborunion,classofworker|detailedhouseholdsummaryinhousehold|majorindustrycode|taxfilerstat,classofworker|detailedindustryrecode,classofworker|detailedindustryrecode|detailedoccupationrecode|education|familymembersunder18|majorindustrycode|memberofalaborunion|taxfilerstat|wageperhour|weeksworkedinyear,classofworker|detailedindustryrecode|detailedoccupationrecode|education|familymembersunder18|memberofalaborunion|taxfilerstat|veteransbenefits,classofworker|detailedindustryrecode|detailedoccupationrecode|education|majorindustrycode|memberofalaborunion|taxfilerstat|wageperhour,classofworker|detailedindustryrecode|detailedoccupationrecode|familymembersunder18|memberofalaborunion|weeksworkedinyear,classofworker|detailedindustryrecode|education|familymembersunder18|majoroccupationcode|veteransbenefits|weeksworkedinyear,classofworker|detailedindustryrecode|education|familymembersunder18|memberofalaborunion|taxfilerstat|wageperhour,classofworker|detailedindustryrecode|majoroccupationcode|memberofalaborunion|taxfilerstat|weeksworkedinyear,classofworker|detailedindustryrecode|majoroccupationcode|memberofalaborunion|veteransbenefits|weeksworkedinyear,classofworker|detailedoccupationrecode|education|familymembersunder18|majorindustrycode|taxfilerstat,classofworker|detailedoccupationrecode|familymembersunder18|majorindustrycode|memberofalaborunion|veteransbenefits|wageperhour,classofworker|detailedoccupationrecode|familymembersunder18|majorindustrycode|taxfilerstat|veteransbenefits,classofworker|detailedoccupationrecode|majorindustrycode,classofworker|detailedoccupationrecode|majorindustrycode|memberofalaborunion|taxfilerstat|wageperhour,classofworker|detailedoccupationrecode|majorindustrycode|memberofalaborunion|veteransbenefits|weeksworkedinyear,classofworker|detailedoccupationrecode|majorindustrycode|veteransbenefits|wageperhour,classofworker|education|majorindustrycode|majoroccupationcode,classofworker|familymembersunder18|majorindustrycode,classofworker|familymembersunder18|majorindustrycode|memberofalaborunion|veteransbenefits,classofworker|majorindustrycode|majoroccupationcode|veteransbenefits,classofworker|majorindustrycode|memberofalaborunion|taxfilerstat,classofworker|majorindustrycode|memberofalaborunion|taxfilerstat|veteransbenefits,classofworker|majorindustrycode|numpersonsworkedforemployer"
"2",4,"detailedhouseholdandfamilystat",FALSE,"age|class|classofworker|detailedhouseholdandfamilystat|detailedhouseholdsummaryinhousehold|detailedindustryrecode|detailedoccupationrecode|education|familymembersunder18|majorindustrycode|majoroccupationcode|memberofalaborunion|numpersonsworkedforemployer|taxfilerstat|veteransbenefits|wageperhour|weeksworkedinyear","age|class|classofworker|detailedhouseholdandfamilystat|detailedhouseholdsummaryinhousehold|detailedindustryrecode|detailedoccupationrecode|education|familymembersunder18|majorindustrycode|majoroccupationcode|memberofalaborunion|numpersonsworkedforemployer|taxfilerstat|veteransbenefits|wageperhour|weeksworkedinyear"
"3",4,"detailedhouseholdsummaryinhousehold",TRUE,"detailedhouseholdandfamilystat|detailedhouseholdsummaryinhousehold","detailedhouseholdandfamilystat|detailedhouseholdsummaryinhousehold"
"4",4,"detailedindustryrecode",FALSE,"age|class|classofworker|detailedhouseholdandfamilystat|detailedhouseholdsummaryinhousehold|detailedindustryrecode|detailedoccupationrecode|education|familymembersunder18|majorindustrycode|majoroccupationcode|memberofalaborunion|numpersonsworkedforemployer|taxfilerstat|veteransbenefits|wageperhour|weeksworkedinyear","age|class|classofworker|detailedhouseholdandfamilystat|detailedhouseholdsummaryinhousehold|detailedindustryrecode|detailedoccupationrecode|education|familymembersunder18|majorindustrycode|majoroccupationcode|memberofalaborunion|numpersonsworkedforemployer|taxfilerstat|veteransbenefits|wageperhour|weeksworkedinyear"
"5",4,"detailedoccupationrecode",FALSE,"age|class|classofworker|detailedhouseholdandfamilystat|detailedhouseholdsummaryinhousehold|detailedindustryrecode|detailedoccupationrecode|education|familymembersunder18|majorindustrycode|majoroccupationcode|memberofalaborunion|numpersonsworkedforemployer|taxfilerstat|veteransbenefits|wageperhour|weeksworkedinyear","age|class|classofworker|detailedhouseholdandfamilystat|detailedhouseholdsummaryinhousehold|detailedindustryrecode|detailedoccupationrecode|education|familymembersunder18|majorindustrycode|majoroccupationcode|memberofalaborunion|numpersonsworkedforemployer|taxfilerstat|veteransbenefits|wageperhour|weeksworkedinyear"
"6",4,"familymembersunder18",TRUE,"age|class|classofworker|detailedhouseholdandfamilystat|detailedhouseholdsummaryinhousehold|detailedindustryrecode|detailedoccupationrecode|education|familymembersunder18|majorindustrycode|majoroccupationcode|memberofalaborunion|numpersonsworkedforemployer|taxfilerstat|veteransbenefits|wageperhour|weeksworkedinyear","age|detailedindustryrecode|detailedoccupationrecode|familymembersunder18|majorindustrycode|majoroccupationcode|numpersonsworkedforemployer|taxfilerstat|weeksworkedinyear,age|familymembersunder18,class|classofworker|detailedhouseholdandfamilystat|detailedindustryrecode|detailedoccupationrecode|education|familymembersunder18|majorindustrycode|memberofalaborunion|numpersonsworkedforemployer|veteransbenefits|wageperhour,class|classofworker|detailedhouseholdsummaryinhousehold|detailedindustryrecode|detailedoccupationrecode|education|familymembersunder18|majoroccupationcode|numpersonsworkedforemployer|taxfilerstat|wageperhour|weeksworkedinyear,class|classofworker|detailedhouseholdsummaryinhousehold|detailedindustryrecode|detailedoccupationrecode|familymembersunder18|majorindustrycode|taxfilerstat,class|classofworker|detailedhouseholdsummaryinhousehold|detailedindustryrecode|familymembersunder18|majorindustrycode|majoroccupationcode|memberofalaborunion|numpersonsworkedforemployer|veteransbenefits,class|classofworker|detailedhouseholdsummaryinhousehold|detailedoccupationrecode|familymembersunder18|majorindustrycode|numpersonsworkedforemployer|taxfilerstat|veteransbenefits|wageperhour,class|classofworker|detailedhouseholdsummaryinhousehold|familymembersunder18|majorindustrycode|majoroccupationcode|taxfilerstat|veteransbenefits|wageperhour|weeksworkedinyear,class|detailedhouseholdandfamilystat|detailedindustryrecode|detailedoccupationrecode|education|familymembersunder18|majorindustrycode|majoroccupationcode|numpersonsworkedforemployer|taxfilerstat|veteransbenefits|wageperhour,class|detailedhouseholdandfamilystat|detailedindustryrecode|detailedoccupationrecode|familymembersunder18|majorindustrycode|majoroccupationcode|numpersonsworkedforemployer|veteransbenefits|weeksworkedinyear,class|detailedhouseholdsummaryinhousehold|detailedindustryrecode|detailedoccupationrecode|familymembersunder18|majoroccupationcode|numpersonsworkedforemployer|weeksworkedinyear,class|detailedhouseholdsummaryinhousehold|detailedoccupationrecode|familymembersunder18|majorindustrycode|majoroccupationcode|memberofalaborunion|veteransbenefits|weeksworkedinyear,classofworker|detailedhouseholdsummaryinhousehold|detailedindustryrecode|detailedoccupationrecode|education|familymembersunder18|majorindustrycode|majoroccupationcode|memberofalaborunion|numpersonsworkedforemployer|taxfilerstat|veteransbenefits,classofworker|detailedhouseholdsummaryinhousehold|detailedindustryrecode|familymembersunder18|majoroccupationcode|memberofalaborunion|numpersonsworkedforemployer|taxfilerstat|weeksworkedinyear,classofworker|detailedhouseholdsummaryinhousehold|detailedoccupationrecode|familymembersunder18|majoroccupationcode|memberofalaborunion|numpersonsworkedforemployer|veteransbenefits,classofworker|detailedhouseholdsummaryinhousehold|familymembersunder18|majorindustrycode|majoroccupationcode|numpersonsworkedforemployer|taxfilerstat|veteransbenefits,detailedhouseholdandfamilystat|familymembersunder18,detailedhouseholdsummaryinhousehold|detailedindustryrecode|detailedoccupationrecode|familymembersunder18|majorindustrycode|memberofalaborunion|taxfilerstat|wageperhour,detailedhouseholdsummaryinhousehold|detailedindustryrecode|detailedoccupationrecode|familymembersunder18|majoroccupationcode|memberofalaborunion|taxfilerstat|veteransbenefits|wageperhour|weeksworkedinyear,detailedhouseholdsummaryinhousehold|detailedoccupationrecode|familymembersunder18|majorindustrycode|majoroccupationcode|memberofalaborunion|taxfilerstat|wageperhour,detailedhouseholdsummaryinhousehold|familymembersunder18"
"7",4,"majorindustrycode",FALSE,"age|class|classofworker|detailedhouseholdandfamilystat|detailedhouseholdsummaryinhousehold|detailedindustryrecode|detailedoccupationrecode|education|familymembersunder18|majorindustrycode|majoroccupationcode|memberofalaborunion|numpersonsworkedforemployer|taxfilerstat|veteransbenefits|wageperhour|weeksworkedinyear","age|class|classofworker|detailedhouseholdandfamilystat|detailedhouseholdsummaryinhousehold|detailedindustryrecode|detailedoccupationrecode|education|familymembersunder18|majorindustrycode|majoroccupationcode|memberofalaborunion|numpersonsworkedforemployer|taxfilerstat|veteransbenefits|wageperhour|weeksworkedinyear"
"8",4,"majoroccupationcode",FALSE,"age|class|classofworker|detailedhouseholdandfamilystat|detailedhouseholdsummaryinhousehold|detailedindustryrecode|detailedoccupationrecode|education|familymembersunder18|majorindustrycode|majoroccupationcode|memberofalaborunion|numpersonsworkedforemployer|taxfilerstat|veteransbenefits|wageperhour|weeksworkedinyear","age|class|classofworker|detailedhouseholdandfamilystat|detailedhouseholdsummaryinhousehold|detailedindustryrecode|detailedoccupationrecode|education|familymembersunder18|majorindustrycode|majoroccupationcode|memberofalaborunion|numpersonsworkedforemployer|taxfilerstat|veteransbenefits|wageperhour|weeksworkedinyear"
"9",4,"taxfilerstat",TRUE,"age|class|classofworker|detailedhouseholdandfamilystat|detailedhouseholdsummaryinhousehold|detailedoccupationrecode|education|familymembersunder18|majorindustrycode|majoroccupationcode|memberofalaborunion|numpersonsworkedforemployer|taxfilerstat|veteransbenefits|wageperhour|weeksworkedinyear","age|class|classofworker|detailedhouseholdandfamilystat|detailedhouseholdsummaryinhousehold|detailedoccupationrecode|education|familymembersunder18|majorindustrycode|majoroccupationcode|memberofalaborunion|numpersonsworkedforemployer|taxfilerstat|veteransbenefits|wageperhour|weeksworkedinyear"
